Workbook

Sheet score_sheet
A1: Assessment Agency Name | B1: Ginger Webs Pvt. Ltd.
A2: Training Provider Name | B2: Sikkim Government Vocational College, Dentam
A3: Qualification Pack Name/Job Role | B3: Software Developer-IT Services
A4: Qualification Code | B4: SSC/Q0501
A5: Assessor Name/AR ID | B5: AR16234 & Vikash Kumar Gupta
A6: Scheme Name | B6: B.VOC
A7: State | B7: Sikkim
A8: City | B8: Gyalshing
A9: Center ID | B9: NA
A10: Batch ID | B10: BVoC050120260117
A13: Batch ID | B13: Trainee Name | C13: Candidate ID | D13: Gender | E13: Assessment Date | F13: SSC/N0501 - Score | G13: Pass/Fail | H13: SSC/N0502 - Score | I13: Pass/Fail | J13: SSC/N9014 - Score | K13: Pass/Fail | L13: DGT/VSQ/N0102 - Score | M13: Pass/Fail | N13: Total | O13: Result of QP (Pass/Fail) | P13: Overall %
A14: BVoC050120260117 | B14: Binu Hang Subba | C14: 24DSD016 | D14: M | E14: 46177 | F14: 85 | G14: =IF(F14>=70,"PASS",IF(F14>0,"FAIL", "ABSENT")) -> PASS | H14: 90 | I14: =IF(H14>=70,"PASS",IF(H14>0,"FAIL", "ABSENT")) -> PASS | J14: 55 | K14: =IF(J14>=70,"PASS",IF(J14>0,"FAIL", "ABSENT")) -> FAIL | L14: 46 | M14: =IF(L14>=35,"PASS",IF(L14>0,"FAIL", "ABSENT")) -> PASS | N14: =F14+H14+J14+L14 -> 276 | O14: =IF(P14>=70,"PASS",IF(P14>0,"FAIL","ABSENT")) -> PASS | P14: =N14/350*100 -> 78.857143
A15: BVoC050120260117 | B15: Bijay Gurung | C15: 24DSD002 | D15: M | E15: 46177 | F15: 85 | G15: =IF(F15>=70,"PASS",IF(F15>0,"FAIL", "ABSENT")) -> PASS | H15: 90 | I15: =IF(H15>=70,"PASS",IF(H15>0,"FAIL", "ABSENT")) -> PASS | J15: 55 | K15: =IF(J15>=70,"PASS",IF(J15>0,"FAIL", "ABSENT")) -> FAIL | L15: 48 | M15: =IF(L15>=35,"PASS",IF(L15>0,"FAIL", "ABSENT")) -> PASS | N15: =F15+H15+J15+L15 -> 278 | O15: =IF(P15>=70,"PASS",IF(P15>0,"FAIL","ABSENT")) -> PASS | P15: =N15/350*100 -> 79.428571
A16: BVoC050120260117 | B16: Aditya Rai | C16: 24DSD006 | D16: M | E16: 46177 | F16: 85 | G16: =IF(F16>=70,"PASS",IF(F16>0,"FAIL", "ABSENT")) -> PASS | H16: 70 | I16: =IF(H16>=70,"PASS",IF(H16>0,"FAIL", "ABSENT")) -> PASS | J16: 80 | K16: =IF(J16>=70,"PASS",IF(J16>0,"FAIL", "ABSENT")) -> PASS | L16: 43 | M16: =IF(L16>=35,"PASS",IF(L16>0,"FAIL", "ABSENT")) -> PASS | N16: =F16+H16+J16+L16 -> 278 | O16: =IF(P16>=70,"PASS",IF(P16>0,"FAIL","ABSENT")) -> PASS | P16: =N16/350*100 -> 79.428571
A17: BVoC050120260117 | B17: Aradhna Manger | C17: 24DSD011 | D17: F | E17: 46177 | F17: 90 | G17: =IF(F17>=70,"PASS",IF(F17>0,"FAIL", "ABSENT")) -> PASS | H17: 55 | I17: =IF(H17>=70,"PASS",IF(H17>0,"FAIL", "ABSENT")) -> FAIL | J17: 85 | K17: =IF(J17>=70,"PASS",IF(J17>0,"FAIL", "ABSENT")) -> PASS | L17: 36 | M17: =IF(L17>=35,"PASS",IF(L17>0,"FAIL", "ABSENT")) -> PASS | N17: =F17+H17+J17+L17 -> 266 | O17: =IF(P17>=70,"PASS",IF(P17>0,"FAIL","ABSENT")) -> PASS | P17: =N17/350*100 -> 76
A18: BVoC050120260117 | B18: Alisha Limboo | C18: 24DSD027 | D18: F | E18: 46177 | F18: 80 | G18: =IF(F18>=70,"PASS",IF(F18>0,"FAIL", "ABSENT")) -> PASS | H18: 70 | I18: =IF(H18>=70,"PASS",IF(H18>0,"FAIL", "ABSENT")) -> PASS | J18: 75 | K18: =IF(J18>=70,"PASS",IF(J18>0,"FAIL", "ABSENT")) -> PASS | L18: 47 | M18: =IF(L18>=35,"PASS",IF(L18>0,"FAIL", "ABSENT")) -> PASS | N18: =F18+H18+J18+L18 -> 272 | O18: =IF(P18>=70,"PASS",IF(P18>0,"FAIL","ABSENT")) -> PASS | P18: =N18/350*100 -> 77.714286
A19: BVoC050120260117 | B19: Chumit Lepcha | C19: 24DSD008 | D19: F | E19: 46177 | F19: 15 | G19: =IF(F19>=70,"PASS",IF(F19>0,"FAIL", "ABSENT")) -> FAIL | H19: 60 | I19: =IF(H19>=70,"PASS",IF(H19>0,"FAIL", "ABSENT")) -> FAIL | J19: 35 | K19: =IF(J19>=70,"PASS",IF(J19>0,"FAIL", "ABSENT")) -> FAIL | L19: 25 | M19: =IF(L19>=35,"PASS",IF(L19>0,"FAIL", "ABSENT")) -> FAIL | N19: =F19+H19+J19+L19 -> 135 | O19: =IF(P19>=70,"PASS",IF(P19>0,"FAIL","ABSENT")) -> FAIL | P19: =N19/350*100 -> 38.571429
A20: BVoC050120260117 | B20: Sachitra Limboo | C20: 24DSD015 | D20: F | E20: 46177 | F20: 90 | G20: =IF(F20>=70,"PASS",IF(F20>0,"FAIL", "ABSENT")) -> PASS | H20: 55 | I20: =IF(H20>=70,"PASS",IF(H20>0,"FAIL", "ABSENT")) -> FAIL | J20: 95 | K20: =IF(J20>=70,"PASS",IF(J20>0,"FAIL", "ABSENT")) -> PASS | L20: 34 | M20: =IF(L20>=35,"PASS",IF(L20>0,"FAIL", "ABSENT")) -> FAIL | N20: =F20+H20+J20+L20 -> 274 | O20: =IF(P20>=70,"PASS",IF(P20>0,"FAIL","ABSENT")) -> PASS | P20: =N20/350*100 -> 78.285714
A21: BVoC050120260117 | B21: Sancha Rani Limboo | C21: 24DSD009 | D21: F | E21: 46177 | F21: 10 | G21: =IF(F21>=70,"PASS",IF(F21>0,"FAIL", "ABSENT")) -> FAIL | H21: 30 | I21: =IF(H21>=70,"PASS",IF(H21>0,"FAIL", "ABSENT")) -> FAIL | J21: 55 | K21: =IF(J21>=70,"PASS",IF(J21>0,"FAIL", "ABSENT")) -> FAIL | L21: 31 | M21: =IF(L21>=35,"PASS",IF(L21>0,"FAIL", "ABSENT")) -> FAIL | N21: =F21+H21+J21+L21 -> 126 | O21: =IF(P21>=70,"PASS",IF(P21>0,"FAIL","ABSENT")) -> FAIL | P21: =N21/350*100 -> 36
A22: BVoC050120260117 | B22: Smita Rai | C22: 24DSD018 | D22: F | E22: 46177 | F22: 30 | G22: =IF(F22>=70,"PASS",IF(F22>0,"FAIL", "ABSENT")) -> FAIL | H22: 40 | I22: =IF(H22>=70,"PASS",IF(H22>0,"FAIL", "ABSENT")) -> FAIL | J22: 35 | K22: =IF(J22>=70,"PASS",IF(J22>0,"FAIL", "ABSENT")) -> FAIL | L22: 41 | M22: =IF(L22>=35,"PASS",IF(L22>0,"FAIL", "ABSENT")) -> PASS | N22: =F22+H22+J22+L22 -> 146 | O22: =IF(P22>=70,"PASS",IF(P22>0,"FAIL","ABSENT")) -> FAIL | P22: =N22/350*100 -> 41.714286
A23: BVoC050120260117 | B23: Durga Devi Sharma | C23: 24DSD025 | D23: F | E23: 46177 | F23: 70 | G23: =IF(F23>=70,"PASS",IF(F23>0,"FAIL", "ABSENT")) -> PASS | H23: 90 | I23: =IF(H23>=70,"PASS",IF(H23>0,"FAIL", "ABSENT")) -> PASS | J23: 65 | K23: =IF(J23>=70,"PASS",IF(J23>0,"FAIL", "ABSENT")) -> FAIL | L23: 39 | M23: =IF(L23>=35,"PASS",IF(L23>0,"FAIL", "ABSENT")) -> PASS | N23: =F23+H23+J23+L23 -> 264 | O23: =IF(P23>=70,"PASS",IF(P23>0,"FAIL","ABSENT")) -> PASS | P23: =N23/350*100 -> 75.428571
A24: BVoC050120260117 | B24: Yangchenla Bhutia | C24: 24DSD030 | D24: F | E24: 46177 | F24: 20 | G24: =IF(F24>=70,"PASS",IF(F24>0,"FAIL", "ABSENT")) -> FAIL | H24: 65 | I24: =IF(H24>=70,"PASS",IF(H24>0,"FAIL", "ABSENT")) -> FAIL | J24: 30 | K24: =IF(J24>=70,"PASS",IF(J24>0,"FAIL", "ABSENT")) -> FAIL | L24: 27 | M24: =IF(L24>=35,"PASS",IF(L24>0,"FAIL", "ABSENT")) -> FAIL | N24: =F24+H24+J24+L24 -> 142 | O24: =IF(P24>=70,"PASS",IF(P24>0,"FAIL","ABSENT")) -> FAIL | P24: =N24/350*100 -> 40.571429
A25: BVoC050120260117 | B25: Asha Rai | C25: 24DSD014 | D25: F | E25: 46177 | F25: 85 | G25: =IF(F25>=70,"PASS",IF(F25>0,"FAIL", "ABSENT")) -> PASS | H25: 75 | I25: =IF(H25>=70,"PASS",IF(H25>0,"FAIL", "ABSENT")) -> PASS | J25: 90 | K25: =IF(J25>=70,"PASS",IF(J25>0,"FAIL", "ABSENT")) -> PASS | L25: 32 | M25: =IF(L25>=35,"PASS",IF(L25>0,"FAIL", "ABSENT")) -> FAIL | N25: =F25+H25+J25+L25 -> 282 | O25: =IF(P25>=70,"PASS",IF(P25>0,"FAIL","ABSENT")) -> PASS | P25: =N25/350*100 -> 80.571429
... A29: BVoC050120260117 | B29: Bishal Subba | C29: 23DSD016 | D29: M | E29: 46177 | F29: 65 | G29: =IF(F29>=70,"PASS",IF(F29>0,"FAIL", "ABSENT")) -> FAIL | H29: 80 | I29: =IF(H29>=70,"PASS",IF(H29>0,"FAIL", "ABSENT")) -> PASS | J29: 95 | K29: =IF(J29>=70,"PASS",IF(J29>0,"FAIL", "ABSENT")) -> PASS | L29: 45 | M29: =IF(L29>=35,"PASS",IF(L29>0,"FAIL", "ABSENT")) -> PASS | N29: =F29+H29+J29+L29 -> 285 | O29: =IF(P29>=70,"PASS",IF(P29>0,"FAIL","ABSENT")) -> PASS | P29: =N29/350*100 -> 81.428571

Sheet Batch Analysis - Tabular
A1: Descriptive Analysis for the Batch
A2: BATCH SUMMARY
A3: Batch Id | B3: =score_sheet!B10 -> BVoC050120260117
A4: Scheme of Assessment | B4: =score_sheet!B6 -> B.VOC | D4: Pass Criteria | E4: 0.7
A5: Assessment Date | B5: =score_sheet!E14 -> 46177
A6: QP / Job role | B6: =score_sheet!B3 -> Software Developer-IT Services
A7: QP Result | C7: Total | D7: Gender Wise Analysis | F7: Male | G7: Female
B8: Enrolled | C8: =COUNT(score_sheet!P14:P29) -> 16 | F8: =COUNTIF(score_sheet!D14:D29,"M") -> 4 | G8: =COUNTIF(score_sheet!D14:D29,"F") -> 12
B9: Appeared | C9: =COUNTIF(score_sheet!O14:O29,"PASS")+COUNTIF(score_sheet!O14:O29,"FAIL") -> 16 | F9: =COUNTIFS(score_sheet!$D$14:$D$29,"M",score_sheet!$O$14:$O$29,"PASS")+COUNTIFS(score_sheet!$D$14:$D$29,"M",score_sheet!$O$14:$O$29,"FAIL") -> 4 | G9: =COUNTIFS(score_sheet!$D$14:$D$29,"F",score_sheet!$O$14:$O$29,"PASS")+COUNTIFS(score_sheet!$D$14:$D$29,"F",score_sheet!$O$14:$O$29,"FAIL") -> 12
B10: Passed | C10: =COUNTIF(score_sheet!O14:O29,"PASS") -> 12 | F10: =COUNTIFS(score_sheet!$D$14:$D$29,"M",score_sheet!$O$14:$O$29,"PASS") -> 4 | G10: =COUNTIFS(score_sheet!$D$14:$D$29,"F",score_sheet!$O$14:$O$29,"PASS") -> 8
A11: NOS SUMMARY
B12: % Students Passed (On Appeared) | C12: Mean | D12: Minimum Obtained | E12: Maximum Obtained | F12: Median | G12: SD
A13: SSC/N0501 | B13: =$C$10/$C$9*100 -> 75 | C13: =AVERAGE(score_sheet!F$14:F$29) -> 66.5625 | D13: =MIN(score_sheet!F$14:F$29) -> 10 | E13: =MAX(score_sheet!F$14:F$29) -> 90 | F13: =MEDIAN(score_sheet!F$14:F$29) -> 82.5 | G13: =STDEVP(score_sheet!F$14:F$29) -> 28.598446
A14: SSC/N0502 | B14: =$C$10/$C$9*100 -> 75 | C14: =AVERAGE(score_sheet!H$14:H$29) -> 68.125 | D14: =MIN(score_sheet!H$14:H$29) -> 30 | E14: =MAX(score_sheet!H$14:H$29) -> 90 | F14: =MEDIAN(score_sheet!H$14:H$29) -> 70 | G14: =STDEVP(score_sheet!H$14:H$29) -> 16.571342
A15: SSC/N9014 | B15: =$C$10/$C$9*100 -> 75 | C15: =AVERAGE(score_sheet!J$14:J$29) -> 67.8125 | D15: =MIN(score_sheet!J$14:J$29) -> 30 | E15: =MAX(score_sheet!J$14:J$29) -> 95 | F15: =MEDIAN(score_sheet!J$14:J$29) -> 75 | G15: =STDEVP(score_sheet!J$14:J$29) -> 20.764208
A16: DGT/VSQ/N0102 | B16: =$C$10/$C$9*100 -> 75 | C16: =AVERAGE(score_sheet!L$14:L$29) -> 38.3125 | D16: =MIN(score_sheet!L$14:FH$29) -> 25 | E16: =MAX(score_sheet!L$14:L$29) -> 48 | F16: =MEDIAN(score_sheet!L$14:L$29) -> 39 | G16: =STDEVP(score_sheet!L$14:L$29) -> 7.0862433
A17: WEAK PCs (AVERAGE SCORE LESS THAN 50%)
B18: 1 | C18: 2 | D18: 3 | E18: 4 | F18: 5 | G18: 6
A19: SSC/N0501 | B19: PC1 | C19: PC2
A22: SSC/N0502 | B22: PC1 | C22: PC2
A25: SSC/N9014
A28: DGT/VSQ/N0102 | B28: PC1 | C28: PC11
A31: Moderately weak PCs (AVERAGE SCORE BETWEEN 50-70%)
A32: SSC/N0501 | B32: PC3
A35: SSC/N0502 | B35: PC10 | C35: PC3 | D35: PC6 | E35: PC11
A38: SSC/N9014 | B38: PC1 | C38: PC2 | D38: PC3 | E38: PC6 | F38: PC4
A41: DGT/VSQ/N0102 | B41: PC10 | C41: PC12
A44: STRONG PCs (AVERAGE SCORE MORE THAN 70%)
A45: SSC/N0501 | B45: PC4 | C45: PC5 | D45: PC6 | E45: PC7
A48: SSC/N0502 | B48: PC5 | C48: PC8 | D48: PC4 | E48: PC7 | F48: PC9 | G48: PC12
A51: SSC/N9014 | B51: PC5
A54: DGT/VSQ/N0102 | B54: PC2 | C54: PC3 | D54: PC4 | E54: PC5 | F54: PC6 | G54: PC7
B55: PC8 | C55: PC9

Sheet Batch Analysis - Graph
A1: Batch Id | B1: =score_sheet!B10 -> BVoC050120260117
