Workbook

Sheet score_sheet
A1: Assessment Agency Name | B1: Ginger Webs Pvt. Ltd.
A2: Training Provider Name | B2: NITCON LIMITED
A3: Qualification Pack Name/Job Role | B3: Digital Mitra
A4: Qualification Code | B4: SSC/Q2212
A5: Assessor Name/AR ID | B5: AR16214 & Akshay Kumar
A6: Scheme Name | B6: TPA
A7: State | B7: Maharashtra
A8: City | B8: Nandurbar
A9: Center ID | B9: NA
A10: Batch ID | B10: TPA0221220269705
A13: Batch ID | B13: Trainee Name | C13: Candidate ID | D13: Gender | E13: Assessment Date | F13: SSC/N2204 - Score | G13: Pass/Fail | H13: SSC/N2205 -Score | I13: Pass/Fail | J13: SSC/N2206 - Score | K13: Pass/Fail | L13: SSC/N2207 - Score | M13: Pass/Fail | N13: DGT/VSQ/N0101 -Score | O13: Pass/Fail | P13: Total | Q13: Result of QP (Pass/Fail) | R13: Overall %
A14: TPA0221220269705 | B14: Kalpana Ambarsing Pawara | C14: 7381 | D14: F | E14: 46219 | F14: 43.2 | G14: =IF(F14>=50,"PASS",IF(F14>0,"FAIL", "ABSENT")) -> FAIL | H14: 52.1 | I14: =IF(H14>=50,"PASS",IF(H14>0,"FAIL", "ABSENT")) -> PASS | J14: 16.2 | K14: =IF(J14>=50,"PASS",IF(J14>0,"FAIL", "ABSENT")) -> FAIL | L14: 30 | M14: =IF(L14>=50,"PASS",IF(L14>0,"FAIL", "ABSENT")) -> FAIL | N14: 9 | O14: =IF(N14>=25,"PASS",IF(N14>0,"FAIL", "ABSENT")) -> FAIL | P14: =F14+H14+J14+L14+N14 -> 150.5 | Q14: =IF(R14>=50,"PASS",IF(R14>0,"FAIL","ABSENT")) -> FAIL | R14: =P14/450*100 -> 33.444444
A15: TPA0221220269705 | B15: Parabati Virasing Rawatale | C15: 7382 | D15: - | E15: 46219 | F15: 0 | G15: =IF(F15>=50,"PASS",IF(F15>0,"FAIL", "ABSENT")) -> ABSENT | H15: 0 | I15: =IF(H15>=50,"PASS",IF(H15>0,"FAIL", "ABSENT")) -> ABSENT | J15: 0 | K15: =IF(J15>=50,"PASS",IF(J15>0,"FAIL", "ABSENT")) -> ABSENT | L15: 0 | M15: =IF(L15>=50,"PASS",IF(L15>0,"FAIL", "ABSENT")) -> ABSENT | N15: 0 | O15: =IF(N15>=25,"PASS",IF(N15>0,"FAIL", "ABSENT")) -> ABSENT | P15: =F15+H15+J15+L15+N15 -> 0 | Q15: =IF(R15>=50,"PASS",IF(R15>0,"FAIL","ABSENT")) -> ABSENT | R15: =P15/450*100 -> 0
A16: TPA0221220269705 | B16: Roshani Rubabsingh Bhil | C16: 7383 | D16: F | E16: 46219 | F16: 43.2 | G16: =IF(F16>=50,"PASS",IF(F16>0,"FAIL", "ABSENT")) -> FAIL | H16: 33.5 | I16: =IF(H16>=50,"PASS",IF(H16>0,"FAIL", "ABSENT")) -> FAIL | J16: 19.2 | K16: =IF(J16>=50,"PASS",IF(J16>0,"FAIL", "ABSENT")) -> FAIL | L16: 36.6 | M16: =IF(L16>=50,"PASS",IF(L16>0,"FAIL", "ABSENT")) -> FAIL | N16: 13 | O16: =IF(N16>=25,"PASS",IF(N16>0,"FAIL", "ABSENT")) -> FAIL | P16: =F16+H16+J16+L16+N16 -> 145.5 | Q16: =IF(R16>=50,"PASS",IF(R16>0,"FAIL","ABSENT")) -> FAIL | R16: =P16/450*100 -> 32.333333
A17: TPA0221220269705 | B17: Shakila Goma Padvi | C17: 7384 | D17: - | E17: 46219 | F17: 0 | G17: =IF(F17>=50,"PASS",IF(F17>0,"FAIL", "ABSENT")) -> ABSENT | H17: 0 | I17: =IF(H17>=50,"PASS",IF(H17>0,"FAIL", "ABSENT")) -> ABSENT | J17: 0 | K17: =IF(J17>=50,"PASS",IF(J17>0,"FAIL", "ABSENT")) -> ABSENT | L17: 0 | M17: =IF(L17>=50,"PASS",IF(L17>0,"FAIL", "ABSENT")) -> ABSENT | N17: 0 | O17: =IF(N17>=25,"PASS",IF(N17>0,"FAIL", "ABSENT")) -> ABSENT | P17: =F17+H17+J17+L17+N17 -> 0 | Q17: =IF(R17>=50,"PASS",IF(R17>0,"FAIL","ABSENT")) -> ABSENT | R17: =P17/450*100 -> 0
A18: TPA0221220269705 | B18: Sharmila Ansing Pawara | C18: 7385 | D18: - | E18: 46219 | F18: 0 | G18: =IF(F18>=50,"PASS",IF(F18>0,"FAIL", "ABSENT")) -> ABSENT | H18: 0 | I18: =IF(H18>=50,"PASS",IF(H18>0,"FAIL", "ABSENT")) -> ABSENT | J18: 0 | K18: =IF(J18>=50,"PASS",IF(J18>0,"FAIL", "ABSENT")) -> ABSENT | L18: 0 | M18: =IF(L18>=50,"PASS",IF(L18>0,"FAIL", "ABSENT")) -> ABSENT | N18: 0 | O18: =IF(N18>=25,"PASS",IF(N18>0,"FAIL", "ABSENT")) -> ABSENT | P18: =F18+H18+J18+L18+N18 -> 0 | Q18: =IF(R18>=50,"PASS",IF(R18>0,"FAIL","ABSENT")) -> ABSENT | R18: =P18/450*100 -> 0
A19: TPA0221220269705 | B19: Valvi Nima Dilip | C19: 7386 | D19: - | E19: 46219 | F19: 0 | G19: =IF(F19>=50,"PASS",IF(F19>0,"FAIL", "ABSENT")) -> ABSENT | H19: 0 | I19: =IF(H19>=50,"PASS",IF(H19>0,"FAIL", "ABSENT")) -> ABSENT | J19: 0 | K19: =IF(J19>=50,"PASS",IF(J19>0,"FAIL", "ABSENT")) -> ABSENT | L19: 0 | M19: =IF(L19>=50,"PASS",IF(L19>0,"FAIL", "ABSENT")) -> ABSENT | N19: 0 | O19: =IF(N19>=25,"PASS",IF(N19>0,"FAIL", "ABSENT")) -> ABSENT | P19: =F19+H19+J19+L19+N19 -> 0 | Q19: =IF(R19>=50,"PASS",IF(R19>0,"FAIL","ABSENT")) -> ABSENT | R19: =P19/450*100 -> 0
A20: TPA0221220269705 | B20: Anjali Uga Jadhav | C20: 7387 | D20: F | E20: 46219 | F20: 37.4 | G20: =IF(F20>=50,"PASS",IF(F20>0,"FAIL", "ABSENT")) -> FAIL | H20: 18.5 | I20: =IF(H20>=50,"PASS",IF(H20>0,"FAIL", "ABSENT")) -> FAIL | J20: 42.9 | K20: =IF(J20>=50,"PASS",IF(J20>0,"FAIL", "ABSENT")) -> FAIL | L20: 27 | M20: =IF(L20>=50,"PASS",IF(L20>0,"FAIL", "ABSENT")) -> FAIL | N20: 8 | O20: =IF(N20>=25,"PASS",IF(N20>0,"FAIL", "ABSENT")) -> FAIL | P20: =F20+H20+J20+L20+N20 -> 133.8 | Q20: =IF(R20>=50,"PASS",IF(R20>0,"FAIL","ABSENT")) -> FAIL | R20: =P20/450*100 -> 29.733333
A21: TPA0221220269705 | B21: Jatana Vinod Pawara | C21: 7388 | D21: F | E21: 46219 | F21: 29.2 | G21: =IF(F21>=50,"PASS",IF(F21>0,"FAIL", "ABSENT")) -> FAIL | H21: 33.5 | I21: =IF(H21>=50,"PASS",IF(H21>0,"FAIL", "ABSENT")) -> FAIL | J21: 21.3 | K21: =IF(J21>=50,"PASS",IF(J21>0,"FAIL", "ABSENT")) -> FAIL | L21: 36.2 | M21: =IF(L21>=50,"PASS",IF(L21>0,"FAIL", "ABSENT")) -> FAIL | N21: 5 | O21: =IF(N21>=25,"PASS",IF(N21>0,"FAIL", "ABSENT")) -> FAIL | P21: =F21+H21+J21+L21+N21 -> 125.2 | Q21: =IF(R21>=50,"PASS",IF(R21>0,"FAIL","ABSENT")) -> FAIL | R21: =P21/450*100 -> 27.822222
A22: TPA0221220269705 | B22: Nerkila Feja Patle | C22: 7389 | D22: F | E22: 46219 | F22: 40.7 | G22: =IF(F22>=50,"PASS",IF(F22>0,"FAIL", "ABSENT")) -> FAIL | H22: 28.7 | I22: =IF(H22>=50,"PASS",IF(H22>0,"FAIL", "ABSENT")) -> FAIL | J22: 31 | K22: =IF(J22>=50,"PASS",IF(J22>0,"FAIL", "ABSENT")) -> FAIL | L22: 27 | M22: =IF(L22>=50,"PASS",IF(L22>0,"FAIL", "ABSENT")) -> FAIL | N22: 3 | O22: =IF(N22>=25,"PASS",IF(N22>0,"FAIL", "ABSENT")) -> FAIL | P22: =F22+H22+J22+L22+N22 -> 130.4 | Q22: =IF(R22>=50,"PASS",IF(R22>0,"FAIL","ABSENT")) -> FAIL | R22: =P22/450*100 -> 28.977778
A23: TPA0221220269705 | B23: Puja Ramesh Pawara | C23: 7390 | D23: F | E23: 46219 | F23: 36 | G23: =IF(F23>=50,"PASS",IF(F23>0,"FAIL", "ABSENT")) -> FAIL | H23: 30.9 | I23: =IF(H23>=50,"PASS",IF(H23>0,"FAIL", "ABSENT")) -> FAIL | J23: 36.6 | K23: =IF(J23>=50,"PASS",IF(J23>0,"FAIL", "ABSENT")) -> FAIL | L23: 27.4 | M23: =IF(L23>=50,"PASS",IF(L23>0,"FAIL", "ABSENT")) -> FAIL | N23: 18 | O23: =IF(N23>=25,"PASS",IF(N23>0,"FAIL", "ABSENT")) -> FAIL | P23: =F23+H23+J23+L23+N23 -> 148.9 | Q23: =IF(R23>=50,"PASS",IF(R23>0,"FAIL","ABSENT")) -> FAIL | R23: =P23/450*100 -> 33.088889
A24: TPA0221220269705 | B24: Namrata Hiraman Nikumbe | C24: 7391 | D24: F | E24: 46219 | F24: 26.6 | G24: =IF(F24>=50,"PASS",IF(F24>0,"FAIL", "ABSENT")) -> FAIL | H24: 41.2 | I24: =IF(H24>=50,"PASS",IF(H24>0,"FAIL", "ABSENT")) -> FAIL | J24: 35.7 | K24: =IF(J24>=50,"PASS",IF(J24>0,"FAIL", "ABSENT")) -> FAIL | L24: 43.2 | M24: =IF(L24>=50,"PASS",IF(L24>0,"FAIL", "ABSENT")) -> FAIL | N24: 17 | O24: =IF(N24>=25,"PASS",IF(N24>0,"FAIL", "ABSENT")) -> FAIL | P24: =F24+H24+J24+L24+N24 -> 163.7 | Q24: =IF(R24>=50,"PASS",IF(R24>0,"FAIL","ABSENT")) -> FAIL | R24: =P24/450*100 -> 36.377778
A25: TPA0221220269705 | B25: Neha Daga Kapure | C25: 7392 | D25: F | E25: 46219 | F25: 28.4 | G25: =IF(F25>=50,"PASS",IF(F25>0,"FAIL", "ABSENT")) -> FAIL | H25: 37.1 | I25: =IF(H25>=50,"PASS",IF(H25>0,"FAIL", "ABSENT")) -> FAIL | J25: 33.1 | K25: =IF(J25>=50,"PASS",IF(J25>0,"FAIL", "ABSENT")) -> FAIL | L25: 25.2 | M25: =IF(L25>=50,"PASS",IF(L25>0,"FAIL", "ABSENT")) -> FAIL | N25: 8 | O25: =IF(N25>=25,"PASS",IF(N25>0,"FAIL", "ABSENT")) -> FAIL | P25: =F25+H25+J25+L25+N25 -> 131.8 | Q25: =IF(R25>=50,"PASS",IF(R25>0,"FAIL","ABSENT")) -> FAIL | R25: =P25/450*100 -> 29.288889
... A38: TPA0221220269705 | B38: Gangadhar Prkash Ganore | C38: 7405 | D38: M | E38: 46219 | F38: 21.5 | G38: =IF(F38>=50,"PASS",IF(F38>0,"FAIL", "ABSENT")) -> FAIL | H38: 25.7 | I38: =IF(H38>=50,"PASS",IF(H38>0,"FAIL", "ABSENT")) -> FAIL | J38: 38.9 | K38: =IF(J38>=50,"PASS",IF(J38>0,"FAIL", "ABSENT")) -> FAIL | L38: 19.7 | M38: =IF(L38>=50,"PASS",IF(L38>0,"FAIL", "ABSENT")) -> FAIL | N38: 17 | O38: =IF(N38>=25,"PASS",IF(N38>0,"FAIL", "ABSENT")) -> FAIL | P38: =F38+H38+J38+L38+N38 -> 122.8 | Q38: =IF(R38>=50,"PASS",IF(R38>0,"FAIL","ABSENT")) -> FAIL | R38: =P38/450*100 -> 27.288889

Sheet Batch Analysis - Tabular
A1: Descriptive Analysis for the Batch
A2: BATCH SUMMARY
A3: Batch Id | B3: =score_sheet!B10 -> TPA0221220269705
A4: Scheme of Assessment | B4: =score_sheet!B6 -> TPA | D4: Pass Criteria | E4: 0.5
A5: Assessment Date | B5: =score_sheet!E14 -> 46219
A6: QP / Job role | B6: =score_sheet!B3 -> Digital Mitra
A7: QP Result | C7: Total | D7: Gender Wise Analysis | F7: Male | G7: Female
B8: Enrolled | C8: =COUNT(score_sheet!R14:R38) -> 25 | F8: =COUNTIF(score_sheet!D14:D38,"M") -> 5 | G8: =COUNTIF(score_sheet!D14:D38,"F") -> 15
B9: Appeared | C9: =COUNTIF(score_sheet!Q14:Q38,"PASS")+COUNTIF(score_sheet!Q14:Q38,"FAIL") -> 20 | F9: =COUNTIFS(score_sheet!$D$14:$D$38,"M",score_sheet!$Q$14:$Q$38,"PASS")+COUNTIFS(score_sheet!$D$14:$D$38,"M",score_sheet!$Q$14:$Q$38,"FAIL") -> 5 | G9: =COUNTIFS(score_sheet!$D$14:$D$38,"F",score_sheet!$Q$14:$Q$38,"PASS")+COUNTIFS(score_sheet!$D$14:$D$38,"F",score_sheet!$Q$14:$Q$38,"FAIL") -> 15
B10: Passed | C10: =COUNTIF(score_sheet!Q14:Q38,"PASS") -> 1 | F10: =COUNTIFS(score_sheet!$D$14:$D$38,"M",score_sheet!$Q$14:$Q$38,"PASS") -> 1 | G10: =COUNTIFS(score_sheet!$D$14:$D$38,"F",score_sheet!$Q$14:$Q$38,"PASS") -> 0
A11: NOS SUMMARY
B12: % Students Passed (On Appeared) | C12: Mean | D12: Minimum Obtained | E12: Maximum Obtained | F12: Median | G12: SD
A13: SSC/N2204 | B13: =$C$10/$C$9*100 -> 5 | C13: =AVERAGE(score_sheet!F$14:F$38) -> 28.076 | D13: =MIN(score_sheet!F$14:F$38) -> 0 | E13: =MAX(score_sheet!F$14:F$38) -> 68.5 | F13: =MEDIAN(score_sheet!F$14:F$38) -> 29.2 | G13: =STDEVP(score_sheet!F$14:F$38) -> 18.410894
A14: SSC/N2205 | B14: =$C$10/$C$9*100 -> 5 | C14: =AVERAGE(score_sheet!H$14:H$38) -> 27.232 | D14: =MIN(score_sheet!H$14:H$38) -> 0 | E14: =MAX(score_sheet!H$14:H$38) -> 67.8 | F14: =MEDIAN(score_sheet!H$14:H$38) -> 29.1 | G14: =STDEVP(score_sheet!H$14:H$38) -> 17.037153
A15: SSC/N2206 | B15: =$C$10/$C$9*100 -> 5 | C15: =AVERAGE(score_sheet!J$14:J$38) -> 26.516 | D15: =MIN(score_sheet!J$14:J$38) -> 0 | E15: =MAX(score_sheet!J$14:J$38) -> 67.6 | F15: =MEDIAN(score_sheet!J$14:J$38) -> 29.9 | G15: =STDEVP(score_sheet!J$14:J$38) -> 16.878784
A16: SSC/N2207 | B16: =$C$10/$C$9*100 -> 5 | C16: =AVERAGE(score_sheet!L$14:L$38) -> 23.404 | D16: =MIN(score_sheet!L$14:L$38) -> 0 | E16: =MAX(score_sheet!L$14:L$38) -> 59 | F16: =MEDIAN(score_sheet!L$14:L$38) -> 26 | G16: =STDEVP(score_sheet!L$14:L$38) -> 15.410814
A17: DGT/VSQ/N0101 | B17: =$C$10/$C$9*100 -> 5 | C17: =AVERAGE(score_sheet!N$14:N$38) -> 10.44 | D17: =MIN(score_sheet!N$14:N$38) -> 0 | E17: =MAX(score_sheet!N$14:N$38) -> 24 | F17: =MEDIAN(score_sheet!N$14:N$38) -> 10 | G17: =STDEVP(score_sheet!N$14:N$38) -> 7.2059975
A18: WEAK PCs (AVERAGE SCORE LESS THAN 50%)
B19: 1 | C19: 2 | D19: 3 | E19: 4 | F19: 5 | G19: 6
A20: SSC/N2204 | B20: PC3 | C20: PC5 | D20: PC10 | E20: PC14 | F20: PC20 | G20: PC23
B21: PC27 | C21: PC18 | D21: PC19 | E21: PC24
A23: SSC/N2205 | B23: PC1 | C23: PC6 | D23: PC10 | E23: PC12 | F23: PC15 | G23: PC18
B24: PC4 | C24: PC7 | D24: PC11
A26: SSC/N2206 | B26: PC4 | C26: PC8 | D26: PC11 | E26: PC16 | F26: PC19 | G26: PC18
B27: PC22 | C27: PC21 | D27: PC7 | E27: PC14 | F27: PC24
A29: SSC/N2207 | B29: PC1 | C29: PC2 | D29: PC5 | E29: PC7 | F29: PC10 | G29: PC11
B30: PC3 | C30: PC6 | D30: PC8 | E30: PC12
A32: DGT/VSQ/N0101 | B32: PC1 | C32: PC5 | D32: PC12 | E32: PC11 | F32: PC2
A35: Moderately weak PCs (AVERAGE SCORE BETWEEN 50-70%)
A36: SSC/N2204 | B36: PC7
A39: SSC/N2205 | B39: PC3
A42: SSC/N2206
A45: SSC/N2207
A48: DGT/VSQ/N0101 | B48: PC3 | C48: PC4 | D48: PC6 | E48: PC7 | F48: PC8 | G48: PC9
A51: STRONG PCs (AVERAGE SCORE MORE THAN 70%)
A52: SSC/N2204
A55: SSC/N2205
A58: SSC/N2206 | B58: PC3
A61: SSC/N2207
A64: DGT/VSQ/N0101 | B64: PC10

Sheet Batch Analysis - Graph
A1: Batch Id | B1: =score_sheet!B10 -> TPA0221220269705
