Workbook

Sheet score_sheet
A1: Assessment Agency Name | B1: Ginger Webs Pvt. Ltd.
A2: Training Provider Name | B2: The National Small Industries Corporation Limited
A3: Qualification Pack Name/Job Role | B3: IT Helpdesk Attendant
A4: Qualification Code | B4: SSC/Q0110
A5: Assessor Name/AR ID | B5: AR37662 & Bablu Kumar Singh
A6: Scheme Name | B6: PMKVY-4.0-CSCM STT
A7: State | B7: Delhi
A8: City | B8: SOUTH EAST
A9: Center ID | B9: NA
A10: Batch ID | B10: 3739369
A13: Batch ID | B13: Trainee Name | C13: Candidate ID | D13: Gender | E13: Assessment Date | F13: SSC/N0202 - Score | G13: Pass/Fail | H13: DGT/VSQ/N0101 - Score | I13: Pass/Fail | J13: Total | K13: Result of QP (Pass/Fail) | L13: Overall %
A14: 3739369 | B14: KARAN | C14: CAN_39954090 | D14: - | E14: 46216 | F14: 0 | G14: =IF(F14>=50,"PASS",IF(F14>0,"FAIL", "ABSENT")) -> ABSENT | H14: 0 | I14: =IF(H14>=25,"PASS",IF(H14>0,"FAIL", "ABSENT")) -> ABSENT | J14: =F14+H14 -> 0 | K14: =IF(L14>=50,"PASS",IF(L14>0,"FAIL","ABSENT")) -> ABSENT | L14: =J14/150*100 -> 0
A15: 3739369 | B15: Raj Mandal | C15: CAN_39935869 | D15: M | E15: 46216 | F15: 79 | G15: =IF(F15>=50,"PASS",IF(F15>0,"FAIL", "ABSENT")) -> PASS | H15: 34 | I15: =IF(H15>=25,"PASS",IF(H15>0,"FAIL", "ABSENT")) -> PASS | J15: =F15+H15 -> 113 | K15: =IF(L15>=50,"PASS",IF(L15>0,"FAIL","ABSENT")) -> PASS | L15: =J15/150*100 -> 75.333333
A16: 3739369 | B16: Deepak Raikwar | C16: CAN_39954224 | D16: - | E16: 46216 | F16: 0 | G16: =IF(F16>=50,"PASS",IF(F16>0,"FAIL", "ABSENT")) -> ABSENT | H16: 0 | I16: =IF(H16>=25,"PASS",IF(H16>0,"FAIL", "ABSENT")) -> ABSENT | J16: =F16+H16 -> 0 | K16: =IF(L16>=50,"PASS",IF(L16>0,"FAIL","ABSENT")) -> ABSENT | L16: =J16/150*100 -> 0
A17: 3739369 | B17: Gaurav | C17: CAN_39954513 | D17: - | E17: 46216 | F17: 0 | G17: =IF(F17>=50,"PASS",IF(F17>0,"FAIL", "ABSENT")) -> ABSENT | H17: 0 | I17: =IF(H17>=25,"PASS",IF(H17>0,"FAIL", "ABSENT")) -> ABSENT | J17: =F17+H17 -> 0 | K17: =IF(L17>=50,"PASS",IF(L17>0,"FAIL","ABSENT")) -> ABSENT | L17: =J17/150*100 -> 0
A18: 3739369 | B18: Rounak | C18: CAN_39937223 | D18: - | E18: 46216 | F18: 0 | G18: =IF(F18>=50,"PASS",IF(F18>0,"FAIL", "ABSENT")) -> ABSENT | H18: 0 | I18: =IF(H18>=25,"PASS",IF(H18>0,"FAIL", "ABSENT")) -> ABSENT | J18: =F18+H18 -> 0 | K18: =IF(L18>=50,"PASS",IF(L18>0,"FAIL","ABSENT")) -> ABSENT | L18: =J18/150*100 -> 0
A19: 3739369 | B19: Sonu | C19: CAN_39955061 | D19: - | E19: 46216 | F19: 0 | G19: =IF(F19>=50,"PASS",IF(F19>0,"FAIL", "ABSENT")) -> ABSENT | H19: 0 | I19: =IF(H19>=25,"PASS",IF(H19>0,"FAIL", "ABSENT")) -> ABSENT | J19: =F19+H19 -> 0 | K19: =IF(L19>=50,"PASS",IF(L19>0,"FAIL","ABSENT")) -> ABSENT | L19: =J19/150*100 -> 0
A20: 3739369 | B20: Sunny Kumar | C20: CAN_39940742 | D20: - | E20: 46216 | F20: 0 | G20: =IF(F20>=50,"PASS",IF(F20>0,"FAIL", "ABSENT")) -> ABSENT | H20: 0 | I20: =IF(H20>=25,"PASS",IF(H20>0,"FAIL", "ABSENT")) -> ABSENT | J20: =F20+H20 -> 0 | K20: =IF(L20>=50,"PASS",IF(L20>0,"FAIL","ABSENT")) -> ABSENT | L20: =J20/150*100 -> 0
A21: 3739369 | B21: Mohd Nihal | C21: CAN_39943269 | D21: - | E21: 46216 | F21: 0 | G21: =IF(F21>=50,"PASS",IF(F21>0,"FAIL", "ABSENT")) -> ABSENT | H21: 0 | I21: =IF(H21>=25,"PASS",IF(H21>0,"FAIL", "ABSENT")) -> ABSENT | J21: =F21+H21 -> 0 | K21: =IF(L21>=50,"PASS",IF(L21>0,"FAIL","ABSENT")) -> ABSENT | L21: =J21/150*100 -> 0
A22: 3739369 | B22: Saifuddin Mollah | C22: CAN_39952760 | D22: - | E22: 46216 | F22: 0 | G22: =IF(F22>=50,"PASS",IF(F22>0,"FAIL", "ABSENT")) -> ABSENT | H22: 0 | I22: =IF(H22>=25,"PASS",IF(H22>0,"FAIL", "ABSENT")) -> ABSENT | J22: =F22+H22 -> 0 | K22: =IF(L22>=50,"PASS",IF(L22>0,"FAIL","ABSENT")) -> ABSENT | L22: =J22/150*100 -> 0
A23: 3739369 | B23: Sunder | C23: CAN_39954790 | D23: - | E23: 46216 | F23: 0 | G23: =IF(F23>=50,"PASS",IF(F23>0,"FAIL", "ABSENT")) -> ABSENT | H23: 0 | I23: =IF(H23>=25,"PASS",IF(H23>0,"FAIL", "ABSENT")) -> ABSENT | J23: =F23+H23 -> 0 | K23: =IF(L23>=50,"PASS",IF(L23>0,"FAIL","ABSENT")) -> ABSENT | L23: =J23/150*100 -> 0
A24: 3739369 | B24: Rafi Mohammad | C24: CAN_39954370 | D24: - | E24: 46216 | F24: 0 | G24: =IF(F24>=50,"PASS",IF(F24>0,"FAIL", "ABSENT")) -> ABSENT | H24: 0 | I24: =IF(H24>=25,"PASS",IF(H24>0,"FAIL", "ABSENT")) -> ABSENT | J24: =F24+H24 -> 0 | K24: =IF(L24>=50,"PASS",IF(L24>0,"FAIL","ABSENT")) -> ABSENT | L24: =J24/150*100 -> 0
A25: 3739369 | B25: Vaibhav Maheshwari | C25: CAN_35884779 | D25: M | E25: 46216 | F25: 66.7 | G25: =IF(F25>=50,"PASS",IF(F25>0,"FAIL", "ABSENT")) -> PASS | H25: 47 | I25: =IF(H25>=25,"PASS",IF(H25>0,"FAIL", "ABSENT")) -> PASS | J25: =F25+H25 -> 113.7 | K25: =IF(L25>=50,"PASS",IF(L25>0,"FAIL","ABSENT")) -> PASS | L25: =J25/150*100 -> 75.8
... A27: 3739369 | B27: Karan Singh | C27: CAN_39953905 | D27: - | E27: 46216 | F27: 0 | G27: =IF(F27>=50,"PASS",IF(F27>0,"FAIL", "ABSENT")) -> ABSENT | H27: 0 | I27: =IF(H27>=25,"PASS",IF(H27>0,"FAIL", "ABSENT")) -> ABSENT | J27: =F27+H27 -> 0 | K27: =IF(L27>=50,"PASS",IF(L27>0,"FAIL","ABSENT")) -> ABSENT | L27: =J27/150*100 -> 0

Sheet Batch Analysis - Tabular
A1: Descriptive Analysis for the Batch
A2: BATCH SUMMARY
A3: Batch Id | B3: =score_sheet!B10 -> 3739369
A4: Scheme of Assessment | B4: =score_sheet!B6 -> PMKVY-4.0-CSCM STT | D4: Pass Criteria | E4: 0.5
A5: Assessment Date | B5: =score_sheet!E14 -> 46216
A6: QP / Job role | B6: =score_sheet!B3 -> IT Helpdesk Attendant
A7: QP Result | C7: Total | D7: Gender Wise Analysis | F7: Male | G7: Female
B8: Enrolled | C8: =COUNT(score_sheet!L14:L27) -> 14 | F8: =COUNTIF(score_sheet!D14:D27,"M") -> 2 | G8: =COUNTIF(score_sheet!D14:D27,"F") -> 0
B9: Appeared | C9: =COUNTIF(score_sheet!K14:K27,"PASS")+COUNTIF(score_sheet!K14:K27,"FAIL") -> 2 | F9: =COUNTIFS(score_sheet!$D$14:$D$27,"M",score_sheet!$K$14:$K$27,"PASS")+COUNTIFS(score_sheet!$D$14:$D$27,"M",score_sheet!$K$14:$K$27,"FAIL") -> 2 | G9: =COUNTIFS(score_sheet!$D$14:$D$27,"F",score_sheet!$K$14:$K$27,"PASS")+COUNTIFS(score_sheet!$D$14:$D$27,"F",score_sheet!$K$14:$K$27,"FAIL") -> 0
B10: Passed | C10: =COUNTIF(score_sheet!K14:K27,"PASS") -> 2 | F10: =COUNTIFS(score_sheet!$D$14:$D$27,"M",score_sheet!$K$14:$K$27,"PASS") -> 2 | G10: =COUNTIFS(score_sheet!$D$14:$D$27,"F",score_sheet!$K$14:$K$27,"PASS") -> 0
A11: NOS SUMMARY
B12: % Students Passed (On Appeared) | C12: Mean | D12: Minimum Obtained | E12: Maximum Obtained | F12: Median | G12: SD
A13: SSC/N0202 | B13: =C10/C9*100 -> 100 | C13: =AVERAGE(score_sheet!F14:F27) -> 10.407143 | D13: =MIN(score_sheet!F14:F27) -> 0 | E13: =MAX(score_sheet!F14:F27) -> 79 | F13: =MEDIAN(score_sheet!F14:F27) -> 0 | G13: =STDEVP(score_sheet!F14:F27) -> 25.597948
A14: DGT/VSQ/N0101 | B14: =C10/C9*100 -> 100 | C14: =AVERAGE(score_sheet!H14:H27) -> 5.7857143 | D14: =MIN(score_sheet!H14:H27) -> 0 | E14: =MAX(score_sheet!H14:H27) -> 47 | F14: =MEDIAN(score_sheet!H14:H27) -> 0 | G14: =STDEVP(score_sheet!H14:H27) -> 14.383416
A15: WEAK PCs (AVERAGE SCORE LESS THAN 50%)
B16: 1 | C16: 2 | D16: 3 | E16: 4 | F16: 5 | G16: 6
A17: SSC/N0202 | B17: PC10 | C17: PC16
A20: DGT/VSQ/N0101 | B20: PC10 | C20: PC11 | D20: PC12
A23: Moderately weak PCs (AVERAGE SCORE BETWEEN 50-70%)
A24: SSC/N0202 | B24: PC7 | C24: PC20 | D24: PC22
A27: DGT/VSQ/N0101 | B27: PC1 | C27: PC2 | D27: PC5 | E27: PC6 | F27: PC7
A30: STRONG PCs (AVERAGE SCORE MORE THAN 70%)
A31: SSC/N0202 | B31: PC5 | C31: PC2 | D31: PC8 | E31: PC14 | F31: PC15
A34: DGT/VSQ/N0101 | B34: PC3 | C34: PC4 | D34: PC8 | E34: PC9

Sheet Batch Analysis - Graph
A1: Batch Id | B1: =score_sheet!B10 -> 3739369
