Workbook

Sheet score_sheet
A1: Assessment Agency Name | B1: Ginger Webs Pvt. Ltd.
A2: Training Provider Name | B2: Kamakhya Pemton College
A3: Qualification Pack Name/Job Role | B3: AI - Solution Architect
A4: Qualification Code | B4: SSC/Q8108
A5: Assessor Name/AR ID | B5: AR79570 & Deepak choudhari
A6: Scheme Name | B6: B.VOC
A7: State | B7: Manipur
A8: City | B8: Imphal West
A9: Center ID | B9: NA
A10: Batch ID | B10: BvoC810820269837
A13: Batch ID | B13: Trainee Name | C13: Candidate ID | D13: Gender | E13: Assessment Date | F13: SSC/N8113 - Score | G13: Pass/Fail | H13: SSC/N8114 - Score | I13: Pass/Fail | J13: SSC/N9009 - Score | K13: Pass/Fail | L13: SSC/N9014 - Score | M13: Pass/Fail | N13: DGT/VSQ/N0102 - Score | O13: Pass/Fail | P13: Total | Q13: Result of QP (Pass/Fail) | R13: Overall %
A14: BvoC810820269837 | B14: Pechimayum Geetchandra Meitei | C14: 226005 | D14: M | E14: 46162 | F14: 69 | G14: =IF(F14>=70,"PASS",IF(F14>0,"FAIL", "ABSENT")) -> FAIL | H14: 100 | I14: =IF(H14>=70,"PASS",IF(H14>0,"FAIL", "ABSENT")) -> PASS | J14: 75 | K14: =IF(J14>=70,"PASS",IF(J14>0,"FAIL", "ABSENT")) -> PASS | L14: 85 | M14: =IF(L14>=70,"PASS",IF(L14>0,"FAIL", "ABSENT")) -> PASS | N14: 37 | O14: =IF(N14>=35,"PASS",IF(N14>0,"FAIL", "ABSENT")) -> PASS | P14: =F14+H14+J14+L14+N14 -> 366 | Q14: =IF(R14>=70,"PASS",IF(R14>0,"FAIL","ABSENT")) -> PASS | R14: =P14/450*100 -> 81.333333
A15: BvoC810820269837 | B15: Thokchom Polen | C15: 196015 | D15: M | E15: 46162 | F15: 51 | G15: =IF(F15>=70,"PASS",IF(F15>0,"FAIL", "ABSENT")) -> FAIL | H15: 80 | I15: =IF(H15>=70,"PASS",IF(H15>0,"FAIL", "ABSENT")) -> PASS | J15: 80 | K15: =IF(J15>=70,"PASS",IF(J15>0,"FAIL", "ABSENT")) -> PASS | L15: 90 | M15: =IF(L15>=70,"PASS",IF(L15>0,"FAIL", "ABSENT")) -> PASS | N15: 34 | O15: =IF(N15>=35,"PASS",IF(N15>0,"FAIL", "ABSENT")) -> FAIL | P15: =F15+H15+J15+L15+N15 -> 335 | Q15: =IF(R15>=70,"PASS",IF(R15>0,"FAIL","ABSENT")) -> PASS | R15: =P15/450*100 -> 74.444444
A16: BvoC810820269837 | B16: Nongmaithem Chitrajit Meetei | C16: 196002 | D16: M | E16: 46162 | F16: 51 | G16: =IF(F16>=70,"PASS",IF(F16>0,"FAIL", "ABSENT")) -> FAIL | H16: 80 | I16: =IF(H16>=70,"PASS",IF(H16>0,"FAIL", "ABSENT")) -> PASS | J16: 100 | K16: =IF(J16>=70,"PASS",IF(J16>0,"FAIL", "ABSENT")) -> PASS | L16: 95 | M16: =IF(L16>=70,"PASS",IF(L16>0,"FAIL", "ABSENT")) -> PASS | N16: 34 | O16: =IF(N16>=35,"PASS",IF(N16>0,"FAIL", "ABSENT")) -> FAIL | P16: =F16+H16+J16+L16+N16 -> 360 | Q16: =IF(R16>=70,"PASS",IF(R16>0,"FAIL","ABSENT")) -> PASS | R16: =P16/450*100 -> 80
A17: BvoC810820269837 | B17: Raja Malik Bhuiya | C17: 216022 | D17: M | E17: 46162 | F17: 70 | G17: =IF(F17>=70,"PASS",IF(F17>0,"FAIL", "ABSENT")) -> PASS | H17: 85 | I17: =IF(H17>=70,"PASS",IF(H17>0,"FAIL", "ABSENT")) -> PASS | J17: 75 | K17: =IF(J17>=70,"PASS",IF(J17>0,"FAIL", "ABSENT")) -> PASS | L17: 90 | M17: =IF(L17>=70,"PASS",IF(L17>0,"FAIL", "ABSENT")) -> PASS | N17: 39 | O17: =IF(N17>=35,"PASS",IF(N17>0,"FAIL", "ABSENT")) -> PASS | P17: =F17+H17+J17+L17+N17 -> 359 | Q17: =IF(R17>=70,"PASS",IF(R17>0,"FAIL","ABSENT")) -> PASS | R17: =P17/450*100 -> 79.777778
A18: BvoC810820269837 | B18: Moirangthem Subashbhatt Singh | C18: 216002 | D18: M | E18: 46162 | F18: 58 | G18: =IF(F18>=70,"PASS",IF(F18>0,"FAIL", "ABSENT")) -> FAIL | H18: 85 | I18: =IF(H18>=70,"PASS",IF(H18>0,"FAIL", "ABSENT")) -> PASS | J18: 90 | K18: =IF(J18>=70,"PASS",IF(J18>0,"FAIL", "ABSENT")) -> PASS | L18: 80 | M18: =IF(L18>=70,"PASS",IF(L18>0,"FAIL", "ABSENT")) -> PASS | N18: 33 | O18: =IF(N18>=35,"PASS",IF(N18>0,"FAIL", "ABSENT")) -> FAIL | P18: =F18+H18+J18+L18+N18 -> 346 | Q18: =IF(R18>=70,"PASS",IF(R18>0,"FAIL","ABSENT")) -> PASS | R18: =P18/450*100 -> 76.888889
A19: BvoC810820269837 | B19: Naorem Henry Singh | C19: 216003 | D19: M | E19: 46162 | F19: 83 | G19: =IF(F19>=70,"PASS",IF(F19>0,"FAIL", "ABSENT")) -> PASS | H19: 70 | I19: =IF(H19>=70,"PASS",IF(H19>0,"FAIL", "ABSENT")) -> PASS | J19: 75 | K19: =IF(J19>=70,"PASS",IF(J19>0,"FAIL", "ABSENT")) -> PASS | L19: 75 | M19: =IF(L19>=70,"PASS",IF(L19>0,"FAIL", "ABSENT")) -> PASS | N19: 39 | O19: =IF(N19>=35,"PASS",IF(N19>0,"FAIL", "ABSENT")) -> PASS | P19: =F19+H19+J19+L19+N19 -> 342 | Q19: =IF(R19>=70,"PASS",IF(R19>0,"FAIL","ABSENT")) -> PASS | R19: =P19/450*100 -> 76
A20: BvoC810820269837 | B20: Pukhrambam Pentagon Singh | C20: 216004 | D20: M | E20: 46162 | F20: 62 | G20: =IF(F20>=70,"PASS",IF(F20>0,"FAIL", "ABSENT")) -> FAIL | H20: 85 | I20: =IF(H20>=70,"PASS",IF(H20>0,"FAIL", "ABSENT")) -> PASS | J20: 75 | K20: =IF(J20>=70,"PASS",IF(J20>0,"FAIL", "ABSENT")) -> PASS | L20: 80 | M20: =IF(L20>=70,"PASS",IF(L20>0,"FAIL", "ABSENT")) -> PASS | N20: 36 | O20: =IF(N20>=35,"PASS",IF(N20>0,"FAIL", "ABSENT")) -> PASS | P20: =F20+H20+J20+L20+N20 -> 338 | Q20: =IF(R20>=70,"PASS",IF(R20>0,"FAIL","ABSENT")) -> PASS | R20: =P20/450*100 -> 75.111111
A21: BvoC810820269837 | B21: Naorem Arunkumar Singh | C21: 226001 | D21: M | E21: 46162 | F21: 72 | G21: =IF(F21>=70,"PASS",IF(F21>0,"FAIL", "ABSENT")) -> PASS | H21: 80 | I21: =IF(H21>=70,"PASS",IF(H21>0,"FAIL", "ABSENT")) -> PASS | J21: 70 | K21: =IF(J21>=70,"PASS",IF(J21>0,"FAIL", "ABSENT")) -> PASS | L21: 90 | M21: =IF(L21>=70,"PASS",IF(L21>0,"FAIL", "ABSENT")) -> PASS | N21: 41 | O21: =IF(N21>=35,"PASS",IF(N21>0,"FAIL", "ABSENT")) -> PASS | P21: =F21+H21+J21+L21+N21 -> 353 | Q21: =IF(R21>=70,"PASS",IF(R21>0,"FAIL","ABSENT")) -> PASS | R21: =P21/450*100 -> 78.444444
A22: BvoC810820269837 | B22: Robert Sharma Bachaspatimayum | C22: 226004 | D22: M | E22: 46162 | F22: 62 | G22: =IF(F22>=70,"PASS",IF(F22>0,"FAIL", "ABSENT")) -> FAIL | H22: 100 | I22: =IF(H22>=70,"PASS",IF(H22>0,"FAIL", "ABSENT")) -> PASS | J22: 75 | K22: =IF(J22>=70,"PASS",IF(J22>0,"FAIL", "ABSENT")) -> PASS | L22: 75 | M22: =IF(L22>=70,"PASS",IF(L22>0,"FAIL", "ABSENT")) -> PASS | N22: 40 | O22: =IF(N22>=35,"PASS",IF(N22>0,"FAIL", "ABSENT")) -> PASS | P22: =F22+H22+J22+L22+N22 -> 352 | Q22: =IF(R22>=70,"PASS",IF(R22>0,"FAIL","ABSENT")) -> PASS | R22: =P22/450*100 -> 78.222222
A23: BvoC810820269837 | B23: Gaikaolung Kamei | C23: 236001 | D23: M | E23: 46162 | F23: 45 | G23: =IF(F23>=70,"PASS",IF(F23>0,"FAIL", "ABSENT")) -> FAIL | H23: 15 | I23: =IF(H23>=70,"PASS",IF(H23>0,"FAIL", "ABSENT")) -> FAIL | J23: 35 | K23: =IF(J23>=70,"PASS",IF(J23>0,"FAIL", "ABSENT")) -> FAIL | L23: 35 | M23: =IF(L23>=70,"PASS",IF(L23>0,"FAIL", "ABSENT")) -> FAIL | N23: 22 | O23: =IF(N23>=35,"PASS",IF(N23>0,"FAIL", "ABSENT")) -> FAIL | P23: =F23+H23+J23+L23+N23 -> 152 | Q23: =IF(R23>=70,"PASS",IF(R23>0,"FAIL","ABSENT")) -> FAIL | R23: =P23/450*100 -> 33.777778
A24: BvoC810820269837 | B24: Zamir Khan | C24: 226006 | D24: M | E24: 46162 | F24: 83 | G24: =IF(F24>=70,"PASS",IF(F24>0,"FAIL", "ABSENT")) -> PASS | H24: 75 | I24: =IF(H24>=70,"PASS",IF(H24>0,"FAIL", "ABSENT")) -> PASS | J24: 80 | K24: =IF(J24>=70,"PASS",IF(J24>0,"FAIL", "ABSENT")) -> PASS | L24: 85 | M24: =IF(L24>=70,"PASS",IF(L24>0,"FAIL", "ABSENT")) -> PASS | N24: 45 | O24: =IF(N24>=35,"PASS",IF(N24>0,"FAIL", "ABSENT")) -> PASS | P24: =F24+H24+J24+L24+N24 -> 368 | Q24: =IF(R24>=70,"PASS",IF(R24>0,"FAIL","ABSENT")) -> PASS | R24: =P24/450*100 -> 81.777778
A25: BvoC810820269837 | B25: Oinam Pinky Devi | C25: 226002 | D25: F | E25: 46162 | F25: 27 | G25: =IF(F25>=70,"PASS",IF(F25>0,"FAIL", "ABSENT")) -> FAIL | H25: 35 | I25: =IF(H25>=70,"PASS",IF(H25>0,"FAIL", "ABSENT")) -> FAIL | J25: 35 | K25: =IF(J25>=70,"PASS",IF(J25>0,"FAIL", "ABSENT")) -> FAIL | L25: 37.5 | M25: =IF(L25>=70,"PASS",IF(L25>0,"FAIL", "ABSENT")) -> FAIL | N25: 31 | O25: =IF(N25>=35,"PASS",IF(N25>0,"FAIL", "ABSENT")) -> FAIL | P25: =F25+H25+J25+L25+N25 -> 165.5 | Q25: =IF(R25>=70,"PASS",IF(R25>0,"FAIL","ABSENT")) -> FAIL | R25: =P25/450*100 -> 36.777778

Sheet Batch Analysis - Tabular
A1: Descriptive Analysis for the Batch
A2: BATCH SUMMARY
A3: Batch Id | B3: =score_sheet!B10 -> BvoC810820269837
A4: Scheme of Assessment | B4: =score_sheet!B6 -> B.VOC | D4: Pass Criteria | E4: 0.7
A5: Assessment Date | B5: =score_sheet!E14 -> 46162
A6: QP / Job role | B6: =score_sheet!B3 -> AI - Solution Architect
A7: QP Result | C7: Total | D7: Gender Wise Analysis | F7: Male | G7: Female
B8: Enrolled | C8: =COUNT(score_sheet!R14:R25) -> 12 | F8: =COUNTIF(score_sheet!D14:D25,"M") -> 11 | G8: =COUNTIF(score_sheet!D14:D25,"F") -> 1
B9: Appeared | C9: =COUNTIF(score_sheet!Q14:Q25,"PASS")+COUNTIF(score_sheet!Q14:Q25,"FAIL") -> 12 | F9: 11 | G9: 1
B10: Passed | C10: =COUNTIF(score_sheet!Q14:Q25,"PASS") -> 10 | F10: =COUNTIFS(score_sheet!$D$14:$D$25,"M",score_sheet!$Q$14:$Q$25,"PASS") -> 10 | G10: =COUNTIFS(score_sheet!$D$14:$D$25,"F",score_sheet!$Q$14:$Q$25,"PASS") -> 0
A11: NOS SUMMARY
B12: % Students Passed (On Appeared) | C12: Mean | D12: Minimum Obtained | E12: Maximum Obtained | F12: Median | G12: SD
A13: SSC/N8113 | B13: =$C$10/$C$9*100 -> 83.333333 | C13: =AVERAGE(score_sheet!F$14:F$25) -> 61.083333 | D13: =MIN(score_sheet!F$14:F$25) -> 27 | E13: =MAX(score_sheet!F$14:F$25) -> 83 | F13: =MEDIAN(score_sheet!F$14:F$25) -> 62 | G13: =STDEVP(score_sheet!F$14:F$25) -> 15.429724
A14: SSC/N8114 | B14: =$C$10/$C$9*100 -> 83.333333 | C14: =AVERAGE(score_sheet!H$14:H$25) -> 74.166667 | D14: =MIN(score_sheet!H$14:H$25) -> 15 | E14: =MAX(score_sheet!H$14:H$25) -> 100 | F14: =MEDIAN(score_sheet!H$14:H$25) -> 80 | G14: =STDEVP(score_sheet!H$14:H$25) -> 23.877581
A15: SSC/N9009 | B15: =$C$10/$C$9*100 -> 83.333333 | C15: =AVERAGE(score_sheet!J$14:J$25) -> 72.083333 | D15: =MIN(score_sheet!J$14:J$25) -> 35 | E15: =MAX(score_sheet!J$14:J$25) -> 100 | F15: =MEDIAN(score_sheet!J$14:J$25) -> 75 | G15: =STDEVP(score_sheet!J$14:J$25) -> 18.309644
A16: SSC/N9014 | B16: =$C$10/$C$9*100 -> 83.333333 | C16: =AVERAGE(score_sheet!L$14:L$25) -> 76.458333 | D16: =MIN(score_sheet!L$14:FJ$25) -> 22 | E16: =MAX(score_sheet!L$14:L$25) -> 95 | F16: =MEDIAN(score_sheet!L$14:L$25) -> 82.5 | G16: =STDEVP(score_sheet!L$14:L$25) -> 18.942301
A17: DGT/VSQ/N0102 | B17: =$C$10/$C$9*100 -> 83.333333 | C17: =AVERAGE(score_sheet!N$14:N$25) -> 35.916667 | D17: =MIN(score_sheet!N$14:N$25) -> 22 | E17: =MAX(score_sheet!N$14:N$25) -> 45 | F17: =MEDIAN(score_sheet!N$14:N$25) -> 36.5 | G17: =STDEVP(score_sheet!N$14:N$25) -> 5.6192872
A18: WEAK PCs (AVERAGE SCORE LESS THAN 50%)
B19: 1 | C19: 2 | D19: 3 | E19: 4 | F19: 5 | G19: 6
A20: SSC/N8113 | B20: PC1 | C20: PC5 | D20: PC14 | E20: PC15
A23: SSC/N8114
A26: SSC/N9009 | B26: PC4
A29: SSC/N9014 | B29: PC4
A32: DGT/VSQ/N0102 | B32: PC6 | C32: PC12
A35: Moderately weak PCs (AVERAGE SCORE BETWEEN 50-70%)
A36: SSC/N8113 | B36: PC9 | C36: PC2 | D36: PC10
A39: SSC/N8114 | B39: PC1 | C39: PC5
A42: SSC/N9009
A45: SSC/N9014 | B45: PC2
A48: DGT/VSQ/N0102
A51: STRONG PCs (AVERAGE SCORE MORE THAN 70%)
A52: SSC/N8113 | B52: PC3 | C52: PC7 | D52: PC4 | E52: PC6 | F52: PC8 | G52: PC12
A55: SSC/N8114 | B55: PC2 | C55: PC3 | D55: PC4
A58: SSC/N9009 | B58: PC1 | C58: PC3 | D58: PC5 | E58: PC7 | F58: PC2 | G58: PC6
A61: SSC/N9014 | B61: PC1 | C61: PC3 | D61: PC6 | E61: PC5
A64: DGT/VSQ/N0102 | B64: PC1 | C64: PC2 | D64: PC3 | E64: PC4 | F64: PC5 | G64: PC7
B65: PC8 | C65: PC9 | D65: PC10 | E65: PC11

Sheet Batch Analysis - Graph
A1: Batch Id | B1: =score_sheet!B10 -> BvoC810820269837
